{
   "Files":[
      {
         "SQLiteFiles":[
            "PointerDataBase\\BoomTown.sqlite",
            "PointerDataBase\\BoomTownEnd.sqlite",
            "PointerDataBase\\BoomTownStart.sqlite",
            "PointerDataBase\\BT-7274.sqlite",
            "PointerDataBase\\Sewers.sqlite",
            "PointerDataBase\\TheArk.sqlite",
            "PointerDataBase\\TheBeacon.sqlite",
            "PointerDataBase\\TheBeaconEnd.sqlite",
            "PointerDataBase\\TheBeaconStart.sqlite",
            "PointerDataBase\\TheFoldWeapon.sqlite",
            "PointerDataBase\\TheGauntlet.sqlite",
            "PointerDataBase\\TimeShift.sqlite",
            "PointerDataBase\\TimeshiftEnd.sqlite",
            "PointerDataBase\\TimeShiftStart.sqlite",
            "PointerDataBase\\TrialOfFire.sqlite"
         ],
         "ComparisonString":"global function GetPilotLoadoutForCurrentMapSP",
         "ReplacedCodeFile":"_sp_loadouts.nut",
		 "Directory":"_sp_loadouts"
      },
	  {
         "SQLiteFiles":[],
         "ComparisonString":"#base \"pilot_base.set\"\r\n\"pilot_solo\"\r\n{",
         "ReplacedCodeFile":"pilot_solo.set",
		 "Directory":"pilot_solo"
      },
	  {
         "SQLiteFiles":[],
         "ComparisonString":"untyped\r\n\r\nglobal function ClTitanCockpit_Init",
         "ReplacedCodeFile":"cl_titan_cockpit.nut",
		 "Directory":"cl_titan_cockpit"
      },
	  {
         "SQLiteFiles":[],
         "ComparisonString":"untyped\r\n\r\nglobal function TitanEmbark_Init",
         "ReplacedCodeFile":"sh_titan_embark.gnut",
		 "Directory":"sh_titan_embark"
      },
	  {
         "SQLiteFiles":[],
         "ComparisonString":"global function DeckTitanFallsOffEdge",
         "ReplacedCodeFile":"sp_s2s.nut",
		 "Directory":"sp_s2s",
		 "AddressOffset":-81
      }
   ],
   "Description":"This turns jack into a human ronin. also unlocks all titans",
   "Name":"Example.JackTheHumanRonin",
   "Directory":"Example.JackTheHumanRonin"
}